filename,stamp,frame_id,pos_x,pos_y,pos_z,quat_x,quat_y,quat_z,quat_w
hd_camera_0000000008_004000000.jpg,8.004000000,drone0/hd_camera/hd_camera/optical_frame,0.100000,0.000000,0.447500,-0.499999841,0.499601837,-0.499999841,0.500398163
hd_camera_0000000018_200000000.jpg,18.200000000,drone0/hd_camera/hd_camera/optical_frame,0.100000,0.000000,0.154998,-0.499999841,0.499601836,-0.499999842,0.500398164
hd_camera_0000000019_400000000.jpg,19.400000000,drone0/hd_camera/hd_camera/optical_frame,0.100000,0.000000,0.154999,-0.499999841,0.499601836,-0.499999842,0.500398164
hd_camera_0000000020_800000000.jpg,20.800000000,drone0/hd_camera/hd_camera/optical_frame,0.100000,0.000000,0.154999,-0.499999841,0.499601836,-0.499999842,0.500398164
hd_camera_0000000023_600000000.jpg,23.600000000,drone0/hd_camera/hd_camera/optical_frame,0.100000,0.000000,0.154999,-0.499999841,0.499601836,-0.499999842,0.500398164
hd_camera_0000000035_000000000.jpg,35.000000000,drone0/hd_camera/hd_camera/optical_frame,0.100000,0.000000,0.154999,-0.499999841,0.499601836,-0.499999842,0.500398164
hd_camera_0000000036_200000000.jpg,36.200000000,drone0/hd_camera/hd_camera/optical_frame,0.100000,0.000000,0.154999,-0.499999841,0.499601836,-0.499999842,0.500398164
hd_camera_0000000046_200000000.jpg,46.200000000,drone0/hd_camera/hd_camera/optical_frame,0.100000,0.000000,0.154999,-0.499999841,0.499601836,-0.499999842,0.500398164
hd_camera_0000000054_600000000.jpg,54.600000000,drone0/hd_camera/hd_camera/optical_frame,0.204782,0.001486,1.541967,-0.499212781,0.500234835,-0.499371221,0.501178703
hd_camera_0000000056_000000000.jpg,56.000000000,drone0/hd_camera/hd_camera/optical_frame,0.248266,0.001003,1.540306,0.500918818,-0.498718237,0.500885580,-0.499473816
hd_camera_0000000057_000000000.jpg,57.000000000,drone0/hd_camera/hd_camera/optical_frame,0.272412,-0.001249,1.539879,-0.499335755,0.500261377,-0.499176599,0.501223585
hd_camera_0000000062_800000000.jpg,62.800000000,drone0/hd_camera/hd_camera/optical_frame,0.397203,0.019667,1.546503,-0.499564944,0.498753371,-0.500973245,0.500705252
hd_camera_0000000064_800000000.jpg,64.800000000,drone0/hd_camera/hd_camera/optical_frame,0.444426,0.035447,1.543951,-0.500252871,0.501337889,-0.498567094,0.499838213
hd_camera_0000000066_000000000.jpg,66.000000000,drone0/hd_camera/hd_camera/optical_frame,0.480818,0.036296,1.545210,0.500293047,-0.498989060,0.501108266,-0.499607137
hd_camera_0000000085_200000000.jpg,85.200000000,drone0/hd_camera/hd_camera/optical_frame,7.422139,4.760688,6.028128,-0.447000523,0.548103071,-0.546741084,0.448160399
hd_camera_0000000095_800000000.jpg,95.800000000,drone0/hd_camera/hd_camera/optical_frame,11.943519,11.401760,5.088222,0.065086534,-0.694526705,0.703344201,-0.136760135
hd_camera_0000000098_600000000.jpg,98.600000000,drone0/hd_camera/hd_camera/optical_frame,13.605448,11.342483,3.394618,0.101967572,-0.699071246,0.700741106,-0.099317218
hd_camera_0000000116_000000000.jpg,116.000000000,drone0/hd_camera/hd_camera/optical_frame,16.753622,10.916430,5.971605,-0.135025880,0.704303428,-0.694226828,0.061431304
hd_camera_0000000118_000000000.jpg,118.000000000,drone0/hd_camera/hd_camera/optical_frame,19.547001,10.869191,6.040408,-0.133380230,0.702887965,-0.695838677,0.062982205
hd_camera_0000000132_800000000.jpg,132.800000000,drone0/hd_camera/hd_camera/optical_frame,24.923810,6.826810,2.149462,-0.037349872,-0.699600728,0.712697989,0.035005496
hd_camera_0000000137_000000000.jpg,137.000000000,drone0/hd_camera/hd_camera/optical_frame,24.917752,6.695688,2.639458,0.098626833,0.700921428,-0.699569379,-0.097900885
hd_camera_0000000148_600000000.jpg,148.600000000,drone0/hd_camera/hd_camera/optical_frame,24.948474,3.420023,4.268572,-0.429297974,-0.561769168,0.564847577,0.425518351
hd_camera_0000000151_600000000.jpg,151.600000000,drone0/hd_camera/hd_camera/optical_frame,24.978609,3.482869,3.943982,0.137891040,0.699391534,-0.689168346,-0.129940506
hd_camera_0000000159_800000000.jpg,159.800000000,drone0/hd_camera/hd_camera/optical_frame,23.624932,1.650003,3.813891,0.127217612,0.697761548,-0.690615234,-0.141404031
hd_camera_0000000174_000000000.jpg,174.000000000,drone0/hd_camera/hd_camera/optical_frame,20.424777,-0.015825,3.836241,-0.704816299,0.098979827,-0.111202295,0.693592840
hd_camera_0000000180_800000000.jpg,180.800000000,drone0/hd_camera/hd_camera/optical_frame,20.467404,-0.166471,3.645730,0.066329446,0.736627306,-0.668722525,-0.076097317
hd_camera_0000000184_400000000.jpg,184.400000000,drone0/hd_camera/hd_camera/optical_frame,20.438569,-1.154252,4.508812,-0.095558075,-0.701803271,0.704174192,0.049794896
hd_camera_0000000200_400000000.jpg,200.400000000,drone0/hd_camera/hd_camera/optical_frame,20.100883,-6.870743,5.530459,-0.709222280,0.173258751,-0.114802517,0.673650907
hd_camera_0000000206_600000000.jpg,206.600000000,drone0/hd_camera/hd_camera/optical_frame,22.233825,-6.756376,3.871909,-0.693921308,0.143282826,-0.141662113,0.691285104
hd_camera_0000000216_000000000.jpg,216.000000000,drone0/hd_camera/hd_camera/optical_frame,28.219071,-6.509130,6.791025,-0.698987221,0.173078012,-0.104582968,0.685946987
hd_camera_0000000226_000000000.jpg,226.000000000,drone0/hd_camera/hd_camera/optical_frame,30.388919,-11.429924,7.287382,-0.634095189,-0.247122536,0.311916554,0.662994575
hd_camera_0000000238_800000000.jpg,238.800000000,drone0/hd_camera/hd_camera/optical_frame,37.369327,-6.533602,4.099332,-0.683541843,-0.241894569,0.261739289,0.636985174
hd_camera_0000000241_200000000.jpg,241.200000000,drone0/hd_camera/hd_camera/optical_frame,37.302300,-2.363870,3.527478,-0.692291197,-0.241395327,0.266194207,0.625780983
hd_camera_0000000244_200000000.jpg,244.200000000,drone0/hd_camera/hd_camera/optical_frame,37.214070,6.099504,3.350184,-0.507505422,-0.494187314,0.441498321,0.550723503
hd_camera_0000000248_000000000.jpg,248.000000000,drone0/hd_camera/hd_camera/optical_frame,37.282335,7.494952,5.152130,-0.218613210,-0.671398915,0.673799580,0.217774856
hd_camera_0000000252_000000000.jpg,252.000000000,drone0/hd_camera/hd_camera/optical_frame,37.196951,8.890540,5.960479,0.208495033,0.706083256,-0.635463475,-0.232728231
hd_camera_0000000254_800000000.jpg,254.800000000,drone0/hd_camera/hd_camera/optical_frame,36.097938,8.187997,5.921294,0.252671140,0.682691205,-0.660449476,-0.184110030
hd_camera_0000000262_400000000.jpg,262.400000000,drone0/hd_camera/hd_camera/optical_frame,31.953210,8.049637,1.435292,0.250759725,0.683585337,-0.661695364,-0.178857184
