filename,stamp,frame_id,pos_x,pos_y,pos_z,quat_x,quat_y,quat_z,quat_w
rgbd_camera_rgb_0000000007_980000000.jpg,7.980000000,drone0/rgbd_camera/rgbd_camera,0.100000,0.000000,0.402361,0.000000000,-0.000000000,0.000000000,1.000000000
rgbd_camera_rgb_0000000009_000000000.jpg,9.000000000,drone0/rgbd_camera/rgbd_camera,0.100000,0.000000,0.097730,-0.000000000,-0.000000003,-0.000000000,1.000000000
rgbd_camera_rgb_0000000010_000000000.jpg,10.000000000,drone0/rgbd_camera/rgbd_camera,0.100000,0.000000,0.098853,-0.000000000,-0.000000008,0.000000000,1.000000000
rgbd_camera_rgb_0000000011_000000000.jpg,11.000000000,drone0/rgbd_camera/rgbd_camera,0.100000,0.000000,0.099852,-0.000000000,-0.000000011,0.000000000,1.000000000
rgbd_camera_rgb_0000000012_000000000.jpg,12.000000000,drone0/rgbd_camera/rgbd_camera,0.100000,-0.000000,0.100850,-0.000000000,-0.000000015,-0.000000000,1.000000000
rgbd_camera_rgb_0000000013_000000000.jpg,13.000000000,drone0/rgbd_camera/rgbd_camera,0.100000,-0.000000,0.101849,-0.000000000,-0.000000019,-0.000000000,1.000000000
rgbd_camera_rgb_0000000014_000000000.jpg,14.000000000,drone0/rgbd_camera/rgbd_camera,0.100000,0.000000,0.102848,-0.000000000,-0.000000022,-0.000000000,1.000000000
rgbd_camera_rgb_0000000015_000000000.jpg,15.000000000,drone0/rgbd_camera/rgbd_camera,0.100000,0.000000,0.103847,-0.000000000,-0.000000026,-0.000000000,1.000000000
rgbd_camera_rgb_0000000016_300000000.jpg,16.300000000,drone0/rgbd_camera/rgbd_camera,0.100000,0.000000,0.104898,-0.000000000,-0.000000009,-0.000000000,1.000000000
rgbd_camera_rgb_0000000017_300000000.jpg,17.300000000,drone0/rgbd_camera/rgbd_camera,0.100000,0.000000,0.104991,-0.000000000,-0.000000002,0.000000000,1.000000000
rgbd_camera_rgb_0000000018_300000000.jpg,18.300000000,drone0/rgbd_camera/rgbd_camera,0.100000,0.000000,0.104998,-0.000000000,-0.000000002,0.000000000,1.000000000
rgbd_camera_rgb_0000000019_300000000.jpg,19.300000000,drone0/rgbd_camera/rgbd_camera,0.100000,0.000000,0.104999,-0.000000000,-0.000000002,0.000000000,1.000000000
rgbd_camera_rgb_0000000020_300000000.jpg,20.300000000,drone0/rgbd_camera/rgbd_camera,0.100000,0.000000,0.104999,-0.000000000,-0.000000002,0.000000000,1.000000000
rgbd_camera_rgb_0000000021_300000000.jpg,21.300000000,drone0/rgbd_camera/rgbd_camera,0.100000,0.000000,0.104999,-0.000000000,-0.000000002,0.000000000,1.000000000
rgbd_camera_rgb_0000000022_300000000.jpg,22.300000000,drone0/rgbd_camera/rgbd_camera,0.100000,0.000000,0.104999,-0.000000000,-0.000000002,0.000000000,1.000000000
rgbd_camera_rgb_0000000023_300000000.jpg,23.300000000,drone0/rgbd_camera/rgbd_camera,0.100000,0.000000,0.104999,-0.000000000,-0.000000002,0.000000000,1.000000000
rgbd_camera_rgb_0000000024_300000000.jpg,24.300000000,drone0/rgbd_camera/rgbd_camera,0.100000,0.000000,0.104999,-0.000000000,-0.000000002,0.000000000,1.000000000
rgbd_camera_rgb_0000000025_300000000.jpg,25.300000000,drone0/rgbd_camera/rgbd_camera,0.100000,0.000000,0.104999,-0.000000000,-0.000000002,0.000000000,1.000000000
rgbd_camera_rgb_0000000026_300000000.jpg,26.300000000,drone0/rgbd_camera/rgbd_camera,0.100000,0.000000,0.104999,-0.000000000,-0.000000002,0.000000000,1.000000000
rgbd_camera_rgb_0000000027_400000000.jpg,27.400000000,drone0/rgbd_camera/rgbd_camera,0.100000,0.000000,0.104999,-0.000000000,-0.000000002,0.000000000,1.000000000
rgbd_camera_rgb_0000000028_400000000.jpg,28.400000000,drone0/rgbd_camera/rgbd_camera,0.100000,0.000000,0.104999,-0.000000000,-0.000000002,0.000000000,1.000000000
rgbd_camera_rgb_0000000029_400000000.jpg,29.400000000,drone0/rgbd_camera/rgbd_camera,0.100000,0.000000,0.104999,-0.000000000,-0.000000002,0.000000000,1.000000000
rgbd_camera_rgb_0000000030_400000000.jpg,30.400000000,drone0/rgbd_camera/rgbd_camera,0.100000,0.000000,0.104999,-0.000000000,-0.000000002,0.000000000,1.000000000
rgbd_camera_rgb_0000000031_400000000.jpg,31.400000000,drone0/rgbd_camera/rgbd_camera,0.100000,0.000000,0.104999,-0.000000000,-0.000000002,0.000000000,1.000000000
rgbd_camera_rgb_0000000032_500000000.jpg,32.500000000,drone0/rgbd_camera/rgbd_camera,0.100000,0.000000,0.104999,-0.000000000,-0.000000002,0.000000000,1.000000000
rgbd_camera_rgb_0000000033_500000000.jpg,33.500000000,drone0/rgbd_camera/rgbd_camera,0.100000,0.000000,0.104999,-0.000000000,-0.000000002,0.000000000,1.000000000
rgbd_camera_rgb_0000000034_500000000.jpg,34.500000000,drone0/rgbd_camera/rgbd_camera,0.100000,0.000000,0.104999,-0.000000000,-0.000000002,0.000000000,1.000000000
rgbd_camera_rgb_0000000035_500000000.jpg,35.500000000,drone0/rgbd_camera/rgbd_camera,0.100000,0.000000,0.104999,-0.000000000,-0.000000002,0.000000000,1.000000000
rgbd_camera_rgb_0000000036_500000000.jpg,36.500000000,drone0/rgbd_camera/rgbd_camera,0.100000,0.000000,0.104999,-0.000000000,-0.000000002,0.000000000,1.000000000
rgbd_camera_rgb_0000000037_500000000.jpg,37.500000000,drone0/rgbd_camera/rgbd_camera,0.100000,0.000000,0.104999,-0.000000000,-0.000000002,0.000000000,1.000000000
rgbd_camera_rgb_0000000038_500000000.jpg,38.500000000,drone0/rgbd_camera/rgbd_camera,0.100000,0.000000,0.104999,-0.000000000,-0.000000002,0.000000000,1.000000000
rgbd_camera_rgb_0000000039_500000000.jpg,39.500000000,drone0/rgbd_camera/rgbd_camera,0.100000,0.000000,0.104999,-0.000000000,-0.000000002,0.000000000,1.000000000
rgbd_camera_rgb_0000000040_500000000.jpg,40.500000000,drone0/rgbd_camera/rgbd_camera,0.100000,0.000000,0.104999,-0.000000000,-0.000000002,0.000000000,1.000000000
rgbd_camera_rgb_0000000041_500000000.jpg,41.500000000,drone0/rgbd_camera/rgbd_camera,0.100000,0.000000,0.104999,-0.000000000,-0.000000002,0.000000000,1.000000000
rgbd_camera_rgb_0000000042_700000000.jpg,42.700000000,drone0/rgbd_camera/rgbd_camera,0.100000,0.000000,0.104999,-0.000000000,-0.000000002,0.000000000,1.000000000
rgbd_camera_rgb_0000000043_700000000.jpg,43.700000000,drone0/rgbd_camera/rgbd_camera,0.100000,0.000000,0.104999,-0.000000000,-0.000000002,0.000000000,1.000000000
rgbd_camera_rgb_0000000044_700000000.jpg,44.700000000,drone0/rgbd_camera/rgbd_camera,0.100000,0.000000,0.104999,-0.000000000,-0.000000002,0.000000000,1.000000000
rgbd_camera_rgb_0000000045_700000000.jpg,45.700000000,drone0/rgbd_camera/rgbd_camera,0.100000,0.000000,0.104999,-0.000000000,-0.000000002,0.000000000,1.000000000
rgbd_camera_rgb_0000000046_700000000.jpg,46.700000000,drone0/rgbd_camera/rgbd_camera,0.100000,0.000000,0.104999,-0.000000000,-0.000000002,0.000000000,1.000000000
rgbd_camera_rgb_0000000047_700000000.jpg,47.700000000,drone0/rgbd_camera/rgbd_camera,0.100000,0.000000,0.104999,-0.000000000,-0.000000002,0.000000000,1.000000000
rgbd_camera_rgb_0000000048_700000000.jpg,48.700000000,drone0/rgbd_camera/rgbd_camera,0.100000,0.000000,0.104999,-0.000000000,-0.000000002,0.000000000,1.000000000
rgbd_camera_rgb_0000000049_700000000.jpg,49.700000000,drone0/rgbd_camera/rgbd_camera,0.100000,0.000000,0.104999,-0.000000000,-0.000000002,0.000000000,1.000000000
rgbd_camera_rgb_0000000050_700000000.jpg,50.700000000,drone0/rgbd_camera/rgbd_camera,0.103613,-0.001087,0.172537,0.000431538,0.002116258,0.000094885,0.999997663
rgbd_camera_rgb_0000000051_700000000.jpg,51.700000000,drone0/rgbd_camera/rgbd_camera,0.125970,-0.002617,0.898998,-0.001680687,-0.000413156,0.000009361,0.999998502
rgbd_camera_rgb_0000000052_700000000.jpg,52.700000000,drone0/rgbd_camera/rgbd_camera,0.152307,-0.003023,1.396308,-0.000631538,0.000279540,0.000127996,0.999999753
rgbd_camera_rgb_0000000053_700000000.jpg,53.700000000,drone0/rgbd_camera/rgbd_camera,0.181980,0.002582,1.479898,0.000494681,0.000211834,0.000231504,0.999999828
rgbd_camera_rgb_0000000054_700000000.jpg,54.700000000,drone0/rgbd_camera/rgbd_camera,0.207613,0.000395,1.491747,0.000248894,0.003043354,-0.000019415,0.999995338
rgbd_camera_rgb_0000000055_700000000.jpg,55.700000000,drone0/rgbd_camera/rgbd_camera,0.239069,0.002460,1.490535,0.003578328,0.002382766,0.000038226,0.999990758
rgbd_camera_rgb_0000000056_700000000.jpg,56.700000000,drone0/rgbd_camera/rgbd_camera,0.266177,-0.001173,1.489822,-0.000511999,0.000389239,0.000136815,0.999999784
rgbd_camera_rgb_0000000057_700000000.jpg,57.700000000,drone0/rgbd_camera/rgbd_camera,0.283290,0.001578,1.489672,-0.000295809,0.002395941,0.000221357,0.999997061
rgbd_camera_rgb_0000000058_700000000.jpg,58.700000000,drone0/rgbd_camera/rgbd_camera,0.302080,0.008957,1.489216,0.000343796,0.001531656,-0.000003099,0.999998768
rgbd_camera_rgb_0000000059_700000000.jpg,59.700000000,drone0/rgbd_camera/rgbd_camera,0.331309,0.012666,1.494577,-0.001216652,-0.001659688,-0.000161504,0.999997870
rgbd_camera_rgb_0000000060_700000000.jpg,60.700000000,drone0/rgbd_camera/rgbd_camera,0.349800,0.021549,1.496664,0.000742576,-0.000521692,-0.000333939,0.999999532
rgbd_camera_rgb_0000000061_700000000.jpg,61.700000000,drone0/rgbd_camera/rgbd_camera,0.371478,0.017468,1.496864,-0.001124253,0.000588547,-0.000324555,0.999999142
rgbd_camera_rgb_0000000062_700000000.jpg,62.700000000,drone0/rgbd_camera/rgbd_camera,0.394981,0.019123,1.495727,0.001285011,0.002421642,-0.000111542,0.999996236
rgbd_camera_rgb_0000000063_700000000.jpg,63.700000000,drone0/rgbd_camera/rgbd_camera,0.419030,0.028215,1.495285,0.000476529,-0.001205240,-0.000305884,0.999999113
rgbd_camera_rgb_0000000064_700000000.jpg,64.700000000,drone0/rgbd_camera/rgbd_camera,0.441060,0.035831,1.494184,-0.000215766,0.001543544,-0.000354738,0.999998723
rgbd_camera_rgb_0000000065_700000000.jpg,65.700000000,drone0/rgbd_camera/rgbd_camera,0.474336,0.034863,1.491342,-0.001368727,-0.001068063,-0.000469415,0.999998383
rgbd_camera_rgb_0000000066_700000000.jpg,66.700000000,drone0/rgbd_camera/rgbd_camera,0.498048,0.041290,2.095495,0.000366000,-0.000357639,-0.000432835,0.999999775
rgbd_camera_rgb_0000000067_700000000.jpg,67.700000000,drone0/rgbd_camera/rgbd_camera,0.526143,0.036868,3.260388,-0.001862232,0.033364406,-0.000634607,0.999441317
rgbd_camera_rgb_0000000068_700000000.jpg,68.700000000,drone0/rgbd_camera/rgbd_camera,1.030924,0.051594,3.464436,0.002149414,0.053899759,-0.000870294,0.998543659
rgbd_camera_rgb_0000000069_700000000.jpg,69.700000000,drone0/rgbd_camera/rgbd_camera,1.959627,0.060910,3.723742,-0.000724635,-0.037353451,-0.000396209,0.999301775
rgbd_camera_rgb_0000000070_700000000.jpg,70.700000000,drone0/rgbd_camera/rgbd_camera,2.172355,0.065700,5.694081,0.002172118,-0.002974076,-0.000329306,0.999993164
rgbd_camera_rgb_0000000071_700000000.jpg,71.700000000,drone0/rgbd_camera/rgbd_camera,2.241746,0.056944,8.794186,-0.000044640,0.056735987,-0.000376462,0.998389145
rgbd_camera_rgb_0000000072_700000000.jpg,72.700000000,drone0/rgbd_camera/rgbd_camera,2.944300,0.054765,10.205644,-0.001153437,0.060962113,-0.000369415,0.998139346
rgbd_camera_rgb_0000000073_700000000.jpg,73.700000000,drone0/rgbd_camera/rgbd_camera,4.554486,0.059577,10.465874,-0.000675119,0.053480146,-0.000221079,0.998568660
rgbd_camera_rgb_0000000074_700000000.jpg,74.700000000,drone0/rgbd_camera/rgbd_camera,5.827747,0.072183,10.518973,-0.000260558,-0.046750667,0.000010169,0.998906556
rgbd_camera_rgb_0000000075_700000000.jpg,75.700000000,drone0/rgbd_camera/rgbd_camera,7.186958,0.094442,10.495187,0.001344358,-0.032345119,0.000213107,0.999475833
rgbd_camera_rgb_0000000076_700000000.jpg,76.700000000,drone0/rgbd_camera/rgbd_camera,7.305077,0.095080,9.595785,-0.000075825,-0.004050940,0.000390441,0.999991716
rgbd_camera_rgb_0000000077_700000000.jpg,77.700000000,drone0/rgbd_camera/rgbd_camera,7.305038,0.086625,7.936478,0.045811894,0.017581908,0.148806171,0.987648151
rgbd_camera_rgb_0000000078_700000000.jpg,78.700000000,drone0/rgbd_camera/rgbd_camera,7.382044,-0.161712,7.093307,-0.071160414,-0.018039316,0.037766804,0.996586397
rgbd_camera_rgb_0000000079_700000000.jpg,79.700000000,drone0/rgbd_camera/rgbd_camera,7.301427,-0.034177,6.585823,-0.035336823,0.003693510,-0.104016351,0.993940776
rgbd_camera_rgb_0000000080_700000000.jpg,80.700000000,drone0/rgbd_camera/rgbd_camera,7.314392,0.505226,6.485422,-0.049082646,-0.004581407,-0.103295531,0.993428376
rgbd_camera_rgb_0000000081_900000000.jpg,81.900000000,drone0/rgbd_camera/rgbd_camera,7.343090,1.972989,6.470612,-0.048829954,-0.002923253,-0.102519286,0.993527496
rgbd_camera_rgb_0000000082_900000000.jpg,82.900000000,drone0/rgbd_camera/rgbd_camera,7.380671,4.017126,6.417987,0.052660200,0.004467048,-0.100718077,0.993510351
rgbd_camera_rgb_0000000083_900000000.jpg,83.900000000,drone0/rgbd_camera/rgbd_camera,7.401032,4.706577,6.370954,0.031522940,0.002701689,-0.099988097,0.994485488
rgbd_camera_rgb_0000000084_900000000.jpg,84.900000000,drone0/rgbd_camera/rgbd_camera,7.415007,4.755289,6.060183,-0.008105331,0.000714226,-0.100069470,0.994947182
rgbd_camera_rgb_0000000085_900000000.jpg,85.900000000,drone0/rgbd_camera/rgbd_camera,7.434785,4.843437,5.894194,-0.048832378,-0.004985580,-0.100167051,0.993759078
rgbd_camera_rgb_0000000086_900000000.jpg,86.900000000,drone0/rgbd_camera/rgbd_camera,7.451636,5.645824,5.862474,-0.049381906,-0.003655769,-0.099631032,0.993791588
rgbd_camera_rgb_0000000087_900000000.jpg,87.900000000,drone0/rgbd_camera/rgbd_camera,7.471047,7.253921,5.863580,-0.048385423,-0.004857909,-0.098663091,0.993932013
rgbd_camera_rgb_0000000088_900000000.jpg,88.900000000,drone0/rgbd_camera/rgbd_camera,7.485319,9.429086,5.838811,0.045045944,0.001652050,-0.132462696,0.990162496
rgbd_camera_rgb_0000000090_100000000.jpg,90.100000000,drone0/rgbd_camera/rgbd_camera,7.489666,10.907652,5.663710,0.051061071,0.011073154,-0.206112837,0.977132361
rgbd_camera_rgb_0000000091_100000000.jpg,91.100000000,drone0/rgbd_camera/rgbd_camera,7.504603,11.347908,5.556405,0.006748599,0.001548263,-0.235827259,0.971770324
rgbd_camera_rgb_0000000092_100000000.jpg,92.100000000,drone0/rgbd_camera/rgbd_camera,7.490504,11.444576,5.200942,0.024646200,-0.004299795,-0.589616453,0.807295804
rgbd_camera_rgb_0000000093_100000000.jpg,93.100000000,drone0/rgbd_camera/rgbd_camera,7.622850,11.444515,5.046557,-0.029702107,0.041542542,-0.597929342,0.799920311
rgbd_camera_rgb_0000000094_100000000.jpg,94.100000000,drone0/rgbd_camera/rgbd_camera,8.626941,11.415912,5.024488,-0.032746436,0.038928039,-0.598044084,0.799847205
rgbd_camera_rgb_0000000095_100000000.jpg,95.100000000,drone0/rgbd_camera/rgbd_camera,10.433865,11.403419,5.031577,-0.030468906,0.039012360,-0.598180643,0.799830982
rgbd_camera_rgb_0000000096_100000000.jpg,96.100000000,drone0/rgbd_camera/rgbd_camera,12.459451,11.400960,5.035517,0.019675538,-0.028599432,-0.598817277,0.800132998
rgbd_camera_rgb_0000000097_100000000.jpg,97.100000000,drone0/rgbd_camera/rgbd_camera,13.455281,11.385497,4.944331,0.036066938,-0.047249024,-0.598034047,0.799263401
rgbd_camera_rgb_0000000098_200000000.jpg,98.200000000,drone0/rgbd_camera/rgbd_camera,13.608906,11.357533,3.589685,0.001337600,-0.000963645,-0.599433882,0.800422578
rgbd_camera_rgb_0000000099_400000000.jpg,99.400000000,drone0/rgbd_camera/rgbd_camera,13.606083,11.330111,3.227804,-0.002420105,-0.001723159,-0.599653000,0.800254618
rgbd_camera_rgb_0000000100_400000000.jpg,100.400000000,drone0/rgbd_camera/rgbd_camera,13.622195,11.301388,2.489403,0.002245228,0.002080743,-0.599913115,0.800059300
rgbd_camera_rgb_0000000101_400000000.jpg,101.400000000,drone0/rgbd_camera/rgbd_camera,13.634335,11.268381,2.136032,-0.000227011,0.000118061,-0.599965805,0.800025604
rgbd_camera_rgb_0000000102_400000000.jpg,102.400000000,drone0/rgbd_camera/rgbd_camera,13.646168,11.242705,1.520080,0.003120759,-0.000977107,-0.600026084,0.799973753
rgbd_camera_rgb_0000000103_400000000.jpg,103.400000000,drone0/rgbd_camera/rgbd_camera,13.646693,11.206694,2.098723,0.000374434,0.001570395,-0.600193934,0.799852884
rgbd_camera_rgb_0000000104_400000000.jpg,104.400000000,drone0/rgbd_camera/rgbd_camera,13.654895,11.166218,4.535689,-0.002696835,-0.001956878,-0.600317347,0.799754951
rgbd_camera_rgb_0000000105_400000000.jpg,105.400000000,drone0/rgbd_camera/rgbd_camera,13.658277,11.131656,7.138034,0.000106957,-0.000888571,-0.600388618,0.799707888
rgbd_camera_rgb_0000000106_800000000.jpg,106.800000000,drone0/rgbd_camera/rgbd_camera,13.708377,11.103362,8.178350,-0.039954568,0.047662080,-0.599400441,0.798029492
rgbd_camera_rgb_0000000107_800000000.jpg,107.800000000,drone0/rgbd_camera/rgbd_camera,15.575032,11.085021,8.759185,0.030919022,-0.036534863,-0.600409497,0.798259139
rgbd_camera_rgb_0000000108_800000000.jpg,108.800000000,drone0/rgbd_camera/rgbd_camera,16.369521,11.081293,8.369552,0.029369473,-0.039746300,-0.600921889,0.797778509
rgbd_camera_rgb_0000000109_900000000.jpg,109.900000000,drone0/rgbd_camera/rgbd_camera,16.451908,11.062415,5.864692,0.000900711,-0.000374991,-0.601605912,0.798792448
rgbd_camera_rgb_0000000110_900000000.jpg,110.900000000,drone0/rgbd_camera/rgbd_camera,16.471725,11.042618,3.413130,0.002145020,-0.001011086,-0.601773462,0.798663307
rgbd_camera_rgb_0000000111_900000000.jpg,111.900000000,drone0/rgbd_camera/rgbd_camera,16.492549,11.020820,2.788812,-0.000093715,0.000095334,-0.601831484,0.798623094
rgbd_camera_rgb_0000000112_900000000.jpg,112.900000000,drone0/rgbd_camera/rgbd_camera,16.512048,10.995094,3.303178,-0.008389159,0.008201117,-0.601635816,0.798684361
rgbd_camera_rgb_0000000113_900000000.jpg,113.900000000,drone0/rgbd_camera/rgbd_camera,16.530338,10.990779,3.361952,0.002581328,-0.003134138,-0.601680102,0.798726843
rgbd_camera_rgb_0000000114_900000000.jpg,114.900000000,drone0/rgbd_camera/rgbd_camera,16.572873,10.941364,5.586566,-0.000375062,-0.002983300,-0.602098793,0.798415933
rgbd_camera_rgb_0000000115_900000000.jpg,115.900000000,drone0/rgbd_camera/rgbd_camera,16.698750,10.918633,5.911555,-0.031196102,0.043059830,-0.601361847,0.797205484
rgbd_camera_rgb_0000000116_900000000.jpg,116.900000000,drone0/rgbd_camera/rgbd_camera,17.603354,10.896901,5.968740,-0.030108807,0.041106857,-0.601598362,0.797171937
rgbd_camera_rgb_0000000117_900000000.jpg,117.900000000,drone0/rgbd_camera/rgbd_camera,19.329200,10.871669,5.988862,-0.030840429,0.039337853,-0.601573942,0.797251650
rgbd_camera_rgb_0000000118_900000000.jpg,118.900000000,drone0/rgbd_camera/rgbd_camera,21.702908,10.857476,6.007475,0.026289542,-0.034814941,-0.601196924,0.797909166
rgbd_camera_rgb_0000000119_900000000.jpg,119.900000000,drone0/rgbd_camera/rgbd_camera,23.468257,10.854018,6.002856,0.028861340,-0.040506895,-0.601117619,0.797611323
rgbd_camera_rgb_0000000120_900000000.jpg,120.900000000,drone0/rgbd_camera/rgbd_camera,23.510700,10.853861,6.002518,0.029926859,-0.040130290,-0.601054853,0.797638393
rgbd_camera_rgb_0000000121_900000000.jpg,121.900000000,drone0/rgbd_camera/rgbd_camera,24.178815,10.817350,4.302914,0.001015271,0.000295837,-0.601643478,0.798764050
rgbd_camera_rgb_0000000122_900000000.jpg,122.900000000,drone0/rgbd_camera/rgbd_camera,24.160464,10.796135,2.997765,0.001216723,0.001561680,-0.619450228,0.785033436
rgbd_camera_rgb_0000000123_900000000.jpg,123.900000000,drone0/rgbd_camera/rgbd_camera,24.296367,10.800029,2.374747,0.019221263,-0.014702615,-0.750175782,0.660795485
rgbd_camera_rgb_0000000124_900000000.jpg,124.900000000,drone0/rgbd_camera/rgbd_camera,24.360738,10.776027,2.188332,0.000545939,-0.000946400,-0.741725989,0.670702142
rgbd_camera_rgb_0000000125_900000000.jpg,125.900000000,drone0/rgbd_camera/rgbd_camera,24.378596,10.768822,2.171614,-0.033359352,0.029636432,-0.740597742,0.670465376
rgbd_camera_rgb_0000000126_900000000.jpg,126.900000000,drone0/rgbd_camera/rgbd_camera,24.807673,10.748921,2.160721,0.027750924,-0.027630527,-0.740561726,0.670846309
rgbd_camera_rgb_0000000127_900000000.jpg,127.900000000,drone0/rgbd_camera/rgbd_camera,24.910480,10.915291,2.146104,0.010110717,0.003000203,-0.741571845,0.670790557
rgbd_camera_rgb_0000000129_100000000.jpg,129.100000000,drone0/rgbd_camera/rgbd_camera,24.905257,11.060553,2.135281,0.032248131,0.035859061,-0.740855145,0.669931221
rgbd_camera_rgb_0000000130_100000000.jpg,130.100000000,drone0/rgbd_camera/rgbd_camera,24.901469,9.836669,2.091969,0.034898111,0.039278786,-0.741242345,0.669177917
rgbd_camera_rgb_0000000131_100000000.jpg,131.100000000,drone0/rgbd_camera/rgbd_camera,24.912345,8.082277,2.095320,-0.029835616,-0.033576077,-0.741727659,0.669195459
rgbd_camera_rgb_0000000132_100000000.jpg,132.100000000,drone0/rgbd_camera/rgbd_camera,24.925789,7.013264,2.070708,-0.030304539,-0.035305271,-0.741981692,0.668803665
rgbd_camera_rgb_0000000133_100000000.jpg,133.100000000,drone0/rgbd_camera/rgbd_camera,24.920144,6.807053,2.316398,-0.000872728,-0.001936382,-0.742585397,0.669748025
rgbd_camera_rgb_0000000134_100000000.jpg,134.100000000,drone0/rgbd_camera/rgbd_camera,24.909878,6.765584,2.683334,0.000817379,-0.000912111,-0.742574331,0.669762542
rgbd_camera_rgb_0000000135_100000000.jpg,135.100000000,drone0/rgbd_camera/rgbd_camera,24.917817,6.735168,2.711937,0.001813601,-0.002180786,-0.755920452,0.654657335
rgbd_camera_rgb_0000000136_100000000.jpg,136.100000000,drone0/rgbd_camera/rgbd_camera,24.921554,6.716096,2.659687,0.001908582,0.000272134,-0.774360741,0.632741437
rgbd_camera_rgb_0000000137_500000000.jpg,137.500000000,drone0/rgbd_camera/rgbd_camera,24.917828,6.695814,2.589458,0.001356715,0.000553277,-0.798748409,0.601663388
rgbd_camera_rgb_0000000138_500000000.jpg,138.500000000,drone0/rgbd_camera/rgbd_camera,24.916796,6.650319,2.852814,-0.001078829,0.000105535,-0.802593797,0.596524956
rgbd_camera_rgb_0000000139_500000000.jpg,139.500000000,drone0/rgbd_camera/rgbd_camera,24.910280,6.637588,3.345712,0.001198484,0.001958616,-0.802462936,0.596697548
rgbd_camera_rgb_0000000140_500000000.jpg,140.500000000,drone0/rgbd_camera/rgbd_camera,24.909494,6.833470,3.418102,0.017136688,0.026758620,-0.802186126,0.596227917
rgbd_camera_rgb_0000000141_500000000.jpg,141.500000000,drone0/rgbd_camera/rgbd_camera,24.914108,6.554398,3.411383,0.032219074,0.042154446,-0.802289124,0.594573036
rgbd_camera_rgb_0000000142_500000000.jpg,142.500000000,drone0/rgbd_camera/rgbd_camera,24.919647,5.486120,3.414417,-0.026201833,-0.037186981,-0.803328362,0.593796376
rgbd_camera_rgb_0000000143_500000000.jpg,143.500000000,drone0/rgbd_camera/rgbd_camera,24.915424,4.819188,3.372124,0.029205273,0.041397415,-0.804018149,0.592442506
rgbd_camera_rgb_0000000144_500000000.jpg,144.500000000,drone0/rgbd_camera/rgbd_camera,24.910277,3.775482,3.368810,-0.027129775,-0.038342312,-0.805157153,0.591198614
rgbd_camera_rgb_0000000145_500000000.jpg,145.500000000,drone0/rgbd_camera/rgbd_camera,24.956290,3.372088,3.124459,-0.005028338,0.032867872,0.977337699,-0.209058463
rgbd_camera_rgb_0000000146_900000000.jpg,146.900000000,drone0/rgbd_camera/rgbd_camera,25.003167,3.416180,2.912777,-0.003881459,-0.008291735,0.990693042,-0.135806763
rgbd_camera_rgb_0000000147_900000000.jpg,147.900000000,drone0/rgbd_camera/rgbd_camera,24.962128,3.426473,4.036128,-0.000832776,-0.001288673,0.990813097,-0.135229628
rgbd_camera_rgb_0000000148_900000000.jpg,148.900000000,drone0/rgbd_camera/rgbd_camera,24.942650,3.420240,4.251034,-0.000047551,0.000251166,0.990772292,-0.135536711
rgbd_camera_rgb_0000000149_900000000.jpg,149.900000000,drone0/rgbd_camera/rgbd_camera,24.922423,3.422067,4.286911,0.002071549,-0.000110191,0.990762695,-0.135591221
rgbd_camera_rgb_0000000150_900000000.jpg,150.900000000,drone0/rgbd_camera/rgbd_camera,24.934036,3.450354,4.077077,-0.007652585,0.015912852,-0.861211327,0.507940222
rgbd_camera_rgb_0000000151_900000000.jpg,151.900000000,drone0/rgbd_camera/rgbd_camera,24.993042,3.475440,3.865360,0.003292504,-0.003290852,-0.827861477,0.560913277
rgbd_camera_rgb_0000000152_900000000.jpg,152.900000000,drone0/rgbd_camera/rgbd_camera,24.990612,3.273641,3.813881,0.028894190,0.043822295,-0.826987012,0.559765320
rgbd_camera_rgb_0000000153_900000000.jpg,153.900000000,drone0/rgbd_camera/rgbd_camera,24.995185,2.706353,3.811897,-0.014456000,-0.026605681,-0.828593896,0.559030695
rgbd_camera_rgb_0000000154_900000000.jpg,154.900000000,drone0/rgbd_camera/rgbd_camera,24.978479,2.626201,3.803662,0.007247165,-0.009059341,-0.829045456,0.559060854
rgbd_camera_rgb_0000000156_400000000.jpg,156.400000000,drone0/rgbd_camera/rgbd_camera,24.937125,2.609385,3.803949,0.024835382,-0.016452999,-0.828760918,0.558809309
rgbd_camera_rgb_0000000157_400000000.jpg,157.400000000,drone0/rgbd_camera/rgbd_camera,23.823181,2.582233,3.799279,-0.039938127,0.030502365,-0.827121404,0.559772038
rgbd_camera_rgb_0000000158_400000000.jpg,158.400000000,drone0/rgbd_camera/rgbd_camera,23.641233,2.540845,3.788829,0.010974704,0.014577697,-0.827852333,0.560649232
rgbd_camera_rgb_0000000159_500000000.jpg,159.500000000,drone0/rgbd_camera/rgbd_camera,23.624742,1.988211,3.761441,0.029055054,0.043878060,-0.827686300,0.558718094
rgbd_camera_rgb_0000000160_500000000.jpg,160.500000000,drone0/rgbd_camera/rgbd_camera,23.627249,0.936014,3.784063,-0.026070784,-0.040590484,-0.828806104,0.557452392
rgbd_camera_rgb_0000000161_500000000.jpg,161.500000000,drone0/rgbd_camera/rgbd_camera,23.624153,0.606192,3.725105,0.021863329,0.033702309,-0.829548939,0.556987170
rgbd_camera_rgb_0000000162_500000000.jpg,162.500000000,drone0/rgbd_camera/rgbd_camera,23.620767,0.257278,3.717990,-0.009883964,-0.018313415,-0.830982349,0.555909400
rgbd_camera_rgb_0000000163_500000000.jpg,163.500000000,drone0/rgbd_camera/rgbd_camera,23.595362,-0.028647,3.689110,0.029348640,0.043813246,-0.830556440,0.554432193
rgbd_camera_rgb_0000000164_600000000.jpg,164.600000000,drone0/rgbd_camera/rgbd_camera,23.591531,-0.637390,3.692858,-0.026489457,-0.040660020,-0.831769589,0.552995860
rgbd_camera_rgb_0000000165_900000000.jpg,165.900000000,drone0/rgbd_camera/rgbd_camera,23.586817,-0.616189,3.685772,-0.027624666,-0.039663221,-0.832109542,0.552501057
rgbd_camera_rgb_0000000166_900000000.jpg,166.900000000,drone0/rgbd_camera/rgbd_camera,23.152966,-0.145253,3.644789,0.046128952,-0.023735983,-0.833954010,0.549390055
rgbd_camera_rgb_0000000167_900000000.jpg,167.900000000,drone0/rgbd_camera/rgbd_camera,21.871545,-0.172200,3.653467,-0.006887174,0.000635772,-0.835206013,0.549893698
rgbd_camera_rgb_0000000168_900000000.jpg,168.900000000,drone0/rgbd_camera/rgbd_camera,20.767138,-0.189758,3.648773,-0.033015116,0.022556704,-0.833714717,0.550745829
rgbd_camera_rgb_0000000169_900000000.jpg,169.900000000,drone0/rgbd_camera/rgbd_camera,20.541476,-0.189304,3.486380,0.005352679,0.009780301,-0.651607768,0.758474134
rgbd_camera_rgb_0000000170_900000000.jpg,170.900000000,drone0/rgbd_camera/rgbd_camera,20.524535,-0.078837,3.332489,-0.035096257,-0.006901358,-0.071424719,0.996804461
rgbd_camera_rgb_0000000171_900000000.jpg,171.900000000,drone0/rgbd_camera/rgbd_camera,20.492149,0.012082,2.984341,-0.005787095,-0.007771126,0.221464613,0.975120272
rgbd_camera_rgb_0000000173_000000000.jpg,173.000000000,drone0/rgbd_camera/rgbd_camera,20.439912,-0.018442,3.324512,0.005113215,0.001616209,0.269599118,0.962957714
rgbd_camera_rgb_0000000174_700000000.jpg,174.700000000,drone0/rgbd_camera/rgbd_camera,20.418662,-0.019551,3.795029,-0.013879531,0.001444759,0.645526899,0.763610041
rgbd_camera_rgb_0000000175_700000000.jpg,175.700000000,drone0/rgbd_camera/rgbd_camera,20.323257,-0.149023,3.497545,-0.014060761,-0.007289314,0.995995057,0.087994361
rgbd_camera_rgb_0000000176_700000000.jpg,176.700000000,drone0/rgbd_camera/rgbd_camera,20.405538,-0.224644,3.377534,-0.017425966,0.008820076,-0.827650956,0.560903234
rgbd_camera_rgb_0000000177_700000000.jpg,177.700000000,drone0/rgbd_camera/rgbd_camera,20.498279,-0.252008,3.222802,0.003209391,-0.005940658,-0.793528414,0.608495739
rgbd_camera_rgb_0000000178_700000000.jpg,178.700000000,drone0/rgbd_camera/rgbd_camera,20.492280,-0.276605,3.577958,0.002038998,0.002397620,-0.793208566,0.608941923
rgbd_camera_rgb_0000000179_700000000.jpg,179.700000000,drone0/rgbd_camera/rgbd_camera,20.485023,-0.280605,3.613743,-0.025232934,-0.030006651,-0.774352572,0.631538593
rgbd_camera_rgb_0000000180_700000000.jpg,180.700000000,drone0/rgbd_camera/rgbd_camera,20.467556,-0.160137,3.596279,0.029045646,0.038545169,-0.774147950,0.631162080
rgbd_camera_rgb_0000000181_700000000.jpg,181.700000000,drone0/rgbd_camera/rgbd_camera,20.463196,-0.741216,3.593964,-0.022563724,-0.030585632,-0.775345886,0.630392064
rgbd_camera_rgb_0000000182_700000000.jpg,182.700000000,drone0/rgbd_camera/rgbd_camera,20.460173,-1.092644,3.697326,-0.007620436,-0.009546592,-0.776306341,0.630237460
rgbd_camera_rgb_0000000183_700000000.jpg,183.700000000,drone0/rgbd_camera/rgbd_camera,20.454549,-1.140736,4.296700,-0.003154653,-0.000694809,-0.776397826,0.630234862
rgbd_camera_rgb_0000000184_700000000.jpg,184.700000000,drone0/rgbd_camera/rgbd_camera,20.400945,-1.158715,4.485409,-0.004936811,0.006870469,-0.776214721,0.630411874
rgbd_camera_rgb_0000000185_700000000.jpg,185.700000000,drone0/rgbd_camera/rgbd_camera,20.350038,-1.329737,4.499729,0.032548807,0.041366219,-0.775754797,0.628835357
rgbd_camera_rgb_0000000186_700000000.jpg,186.700000000,drone0/rgbd_camera/rgbd_camera,20.351468,-2.148122,4.507908,-0.028026576,-0.036632272,-0.776676669,0.628208516
rgbd_camera_rgb_0000000187_700000000.jpg,187.700000000,drone0/rgbd_camera/rgbd_camera,20.346560,-2.438446,4.487239,0.023551192,-0.028496877,-0.776866103,0.628579611
rgbd_camera_rgb_0000000188_700000000.jpg,188.700000000,drone0/rgbd_camera/rgbd_camera,20.088533,-2.473745,4.474223,0.004024143,0.033396736,-0.777273433,0.628263061
rgbd_camera_rgb_0000000189_700000000.jpg,189.700000000,drone0/rgbd_camera/rgbd_camera,20.035290,-2.957107,4.449994,0.033454022,0.041171360,-0.778139641,0.625846983
rgbd_camera_rgb_0000000190_700000000.jpg,190.700000000,drone0/rgbd_camera/rgbd_camera,20.033847,-4.338002,4.426510,0.032184812,0.041096446,-0.778552701,0.625404598
rgbd_camera_rgb_0000000191_700000000.jpg,191.700000000,drone0/rgbd_camera/rgbd_camera,20.033737,-5.933709,4.278398,-0.030412744,-0.029804073,-0.602825505,0.796735962
rgbd_camera_rgb_0000000192_700000000.jpg,192.700000000,drone0/rgbd_camera/rgbd_camera,20.011617,-6.386549,3.908162,-0.008312728,-0.006769226,-0.450850604,0.892535047
rgbd_camera_rgb_0000000193_700000000.jpg,193.700000000,drone0/rgbd_camera/rgbd_camera,20.038462,-6.416600,4.687368,0.001148904,0.000924851,-0.448987630,0.893536755
rgbd_camera_rgb_0000000194_700000000.jpg,194.700000000,drone0/rgbd_camera/rgbd_camera,20.077469,-6.409896,5.735624,-0.007359089,0.003091352,-0.125865186,0.992015243
rgbd_camera_rgb_0000000195_700000000.jpg,195.700000000,drone0/rgbd_camera/rgbd_camera,20.032943,-6.321589,5.836750,-0.011430676,-0.002440948,0.407112866,0.913303069
rgbd_camera_rgb_0000000196_800000000.jpg,196.800000000,drone0/rgbd_camera/rgbd_camera,19.986616,-6.298737,5.754150,0.041557965,0.010259727,0.490739214,0.870254387
rgbd_camera_rgb_0000000197_800000000.jpg,197.800000000,drone0/rgbd_camera/rgbd_camera,20.058477,-6.333981,5.516190,0.017067280,-0.017171691,0.550047853,0.834782128
rgbd_camera_rgb_0000000198_800000000.jpg,198.800000000,drone0/rgbd_camera/rgbd_camera,20.064783,-6.479783,5.497992,-0.008556412,0.005875720,0.549945380,0.835136122
rgbd_camera_rgb_0000000199_800000000.jpg,199.800000000,drone0/rgbd_camera/rgbd_camera,20.066088,-6.730985,5.485503,-0.021593973,0.016834044,0.549346999,0.835145610
rgbd_camera_rgb_0000000200_800000000.jpg,200.800000000,drone0/rgbd_camera/rgbd_camera,20.236698,-6.885894,5.476408,0.025790538,0.044465908,0.546484170,0.835890354
rgbd_camera_rgb_0000000201_800000000.jpg,201.800000000,drone0/rgbd_camera/rgbd_camera,21.030083,-6.887548,5.529401,-0.025683953,-0.034190786,0.547577478,0.835661553
rgbd_camera_rgb_0000000202_800000000.jpg,202.800000000,drone0/rgbd_camera/rgbd_camera,21.258443,-6.858927,6.255293,-0.001170929,-0.005205758,0.548063333,0.836419818
rgbd_camera_rgb_0000000203_800000000.jpg,203.800000000,drone0/rgbd_camera/rgbd_camera,21.343497,-6.819223,6.366863,0.029226511,0.042141850,0.547527520,0.835214637
rgbd_camera_rgb_0000000205_500000000.jpg,205.500000000,drone0/rgbd_camera/rgbd_camera,21.805000,-6.793994,6.375074,-0.012782728,-0.022998706,0.548198164,0.835934468
rgbd_camera_rgb_0000000206_500000000.jpg,206.500000000,drone0/rgbd_camera/rgbd_camera,22.232036,-6.757646,4.021715,0.001083845,-0.000120438,0.549784909,0.835305551
rgbd_camera_rgb_0000000207_500000000.jpg,207.500000000,drone0/rgbd_camera/rgbd_camera,22.252514,-6.735593,2.497975,-0.001057671,0.000111496,0.549922809,0.835214806
rgbd_camera_rgb_0000000208_500000000.jpg,208.500000000,drone0/rgbd_camera/rgbd_camera,22.323173,-6.705778,2.144861,0.029947177,0.038938000,0.549537254,0.834023864
rgbd_camera_rgb_0000000209_500000000.jpg,209.500000000,drone0/rgbd_camera/rgbd_camera,22.611359,-6.688383,2.072628,0.022244695,0.032323272,0.550345200,0.834014712
rgbd_camera_rgb_0000000210_500000000.jpg,210.500000000,drone0/rgbd_camera/rgbd_camera,23.216580,-6.667156,2.050547,-0.026104969,-0.033788926,0.551215835,0.833269429
rgbd_camera_rgb_0000000211_500000000.jpg,211.500000000,drone0/rgbd_camera/rgbd_camera,23.500210,-6.638900,3.039530,-0.000812562,-0.004125208,0.552381758,0.833580659
rgbd_camera_rgb_0000000212_500000000.jpg,212.500000000,drone0/rgbd_camera/rgbd_camera,23.546645,-6.614081,5.482846,-0.004266271,-0.003456478,0.552173574,0.833711099
rgbd_camera_rgb_0000000213_900000000.jpg,213.900000000,drone0/rgbd_camera/rgbd_camera,23.617575,-6.600918,6.248960,0.034140353,0.050897179,0.551476723,0.831935897
rgbd_camera_rgb_0000000214_900000000.jpg,214.900000000,drone0/rgbd_camera/rgbd_camera,25.712338,-6.544706,6.707421,0.027511239,0.042395379,0.552866586,0.831735716
rgbd_camera_rgb_0000000215_900000000.jpg,215.900000000,drone0/rgbd_camera/rgbd_camera,27.954101,-6.512431,6.739136,0.027354049,0.041345370,0.553291300,0.831511307
rgbd_camera_rgb_0000000216_900000000.jpg,216.900000000,drone0/rgbd_camera/rgbd_camera,30.817870,-6.470036,6.759133,0.028868343,0.038970526,0.553562472,0.831394314
rgbd_camera_rgb_0000000217_900000000.jpg,217.900000000,drone0/rgbd_camera/rgbd_camera,31.863844,-7.858372,6.069415,-0.013079929,0.007440778,0.896039091,0.443720066
rgbd_camera_rgb_0000000218_900000000.jpg,218.900000000,drone0/rgbd_camera/rgbd_camera,31.094027,-10.630437,2.576953,-0.151126785,0.215727279,0.871305201,-0.414064829
rgbd_camera_rgb_0000000219_900000000.jpg,219.900000000,drone0/rgbd_camera/rgbd_camera,30.220530,-11.503232,0.102087,-0.001590121,-0.000041488,0.982542833,-0.186029707
rgbd_camera_rgb_0000000220_900000000.jpg,220.900000000,drone0/rgbd_camera/rgbd_camera,30.222934,-11.498232,0.248399,-0.002099605,-0.003081807,0.981555546,-0.191140795
rgbd_camera_rgb_0000000221_900000000.jpg,221.900000000,drone0/rgbd_camera/rgbd_camera,30.185831,-11.511696,2.042458,-0.000380149,0.000231851,0.981532096,-0.191297011
rgbd_camera_rgb_0000000222_900000000.jpg,222.900000000,drone0/rgbd_camera/rgbd_camera,30.149771,-11.526133,5.284347,0.001809299,0.001538862,0.981819954,-0.189799728
rgbd_camera_rgb_0000000223_900000000.jpg,223.900000000,drone0/rgbd_camera/rgbd_camera,30.157287,-11.464941,6.897093,0.001638105,0.016792871,0.941812352,0.335715371
rgbd_camera_rgb_0000000224_900000000.jpg,224.900000000,drone0/rgbd_camera/rgbd_camera,30.214718,-11.434693,7.210942,0.044490847,0.018804968,0.928353873,0.368545825
rgbd_camera_rgb_0000000226_000000000.jpg,226.000000000,drone0/rgbd_camera/rgbd_camera,30.383938,-11.429888,7.237631,0.046469969,0.018112751,0.927936003,0.369387661
rgbd_camera_rgb_0000000227_000000000.jpg,227.000000000,drone0/rgbd_camera/rgbd_camera,32.591471,-11.403641,7.258101,0.043887823,0.019154292,0.927155279,0.371604710
rgbd_camera_rgb_0000000228_000000000.jpg,228.000000000,drone0/rgbd_camera/rgbd_camera,34.836870,-11.370549,7.256728,0.013722392,0.018530849,0.927418183,0.373314636
rgbd_camera_rgb_0000000229_000000000.jpg,229.000000000,drone0/rgbd_camera/rgbd_camera,36.868253,-11.322861,7.225045,-0.047887149,-0.026210834,0.918820880,0.390881061
rgbd_camera_rgb_0000000230_000000000.jpg,230.000000000,drone0/rgbd_camera/rgbd_camera,37.687197,-11.301823,7.140199,-0.037365430,-0.016243295,0.911882022,0.408425217
rgbd_camera_rgb_0000000231_000000000.jpg,231.000000000,drone0/rgbd_camera/rgbd_camera,37.672794,-11.273564,7.115942,-0.046438152,-0.024000059,0.911060655,0.408944957
rgbd_camera_rgb_0000000232_000000000.jpg,232.000000000,drone0/rgbd_camera/rgbd_camera,37.106008,-11.269519,7.116771,0.039053092,0.017753455,0.910586716,0.411085762
rgbd_camera_rgb_0000000233_000000000.jpg,233.000000000,drone0/rgbd_camera/rgbd_camera,37.245003,-11.266118,7.100031,-0.013561096,-0.000682496,0.911034754,0.412105943
rgbd_camera_rgb_0000000234_000000000.jpg,234.000000000,drone0/rgbd_camera/rgbd_camera,37.446177,-11.159972,7.085141,-0.027468834,0.044675266,0.908744578,0.414044534
rgbd_camera_rgb_0000000235_000000000.jpg,235.000000000,drone0/rgbd_camera/rgbd_camera,37.428581,-10.308537,7.069721,-0.021768416,0.047263663,0.909241309,0.413004266
rgbd_camera_rgb_0000000236_000000000.jpg,236.000000000,drone0/rgbd_camera/rgbd_camera,37.406790,-8.619897,7.070037,0.006244741,0.008232338,0.910741468,0.412847684
rgbd_camera_rgb_0000000237_000000000.jpg,237.000000000,drone0/rgbd_camera/rgbd_camera,37.404369,-7.073830,6.489621,0.025271572,-0.058230771,0.910099286,0.409499469
rgbd_camera_rgb_0000000238_000000000.jpg,238.000000000,drone0/rgbd_camera/rgbd_camera,37.379581,-6.578115,4.435159,0.005186451,-0.011871309,0.912315047,0.409284042
rgbd_camera_rgb_0000000239_200000000.jpg,239.200000000,drone0/rgbd_camera/rgbd_camera,37.369216,-6.537205,4.049462,-0.013732414,0.033357855,0.911912351,0.408796450
rgbd_camera_rgb_0000000240_200000000.jpg,240.200000000,drone0/rgbd_camera/rgbd_camera,37.329469,-5.061609,3.510839,-0.019458076,0.047061846,0.912036637,0.406934563
rgbd_camera_rgb_0000000241_200000000.jpg,241.200000000,drone0/rgbd_camera/rgbd_camera,37.302380,-2.368912,3.477733,-0.021237362,0.045807443,0.912661063,0.405586533
rgbd_camera_rgb_0000000242_200000000.jpg,242.200000000,drone0/rgbd_camera/rgbd_camera,37.273826,0.466359,3.479139,-0.020478656,0.045778852,0.913226093,0.404355073
rgbd_camera_rgb_0000000243_200000000.jpg,243.200000000,drone0/rgbd_camera/rgbd_camera,37.242160,3.740469,3.499730,0.015634156,-0.045604472,0.914115373,0.402577806
rgbd_camera_rgb_0000000244_200000000.jpg,244.200000000,drone0/rgbd_camera/rgbd_camera,37.214875,6.104251,3.300416,-0.005113324,-0.047931177,0.996930833,0.061687680
rgbd_camera_rgb_0000000245_200000000.jpg,245.200000000,drone0/rgbd_camera/rgbd_camera,37.278811,7.288010,3.072328,-0.023983822,-0.048918704,0.907208982,-0.417137388
rgbd_camera_rgb_0000000246_200000000.jpg,246.200000000,drone0/rgbd_camera/rgbd_camera,37.310355,7.535902,2.936538,-0.003888085,-0.006636917,0.891249549,-0.453447986
rgbd_camera_rgb_0000000247_200000000.jpg,247.200000000,drone0/rgbd_camera/rgbd_camera,37.294495,7.515240,4.218553,0.002768786,-0.000025718,0.890996177,-0.454002363
rgbd_camera_rgb_0000000248_200000000.jpg,248.200000000,drone0/rgbd_camera/rgbd_camera,37.280011,7.492696,5.207869,0.000068078,0.000243769,0.890951364,-0.454098670
rgbd_camera_rgb_0000000249_200000000.jpg,249.200000000,drone0/rgbd_camera/rgbd_camera,37.262629,7.478523,5.683087,0.000583341,-0.000672019,0.890892541,-0.454213263
rgbd_camera_rgb_0000000250_200000000.jpg,250.200000000,drone0/rgbd_camera/rgbd_camera,37.252945,7.597417,5.907662,0.020756546,0.045097382,0.890020936,-0.453208700
rgbd_camera_rgb_0000000251_200000000.jpg,251.200000000,drone0/rgbd_camera/rgbd_camera,37.223726,8.448402,5.919137,-0.015464936,-0.035428379,0.891234444,-0.451892499
rgbd_camera_rgb_0000000252_800000000.jpg,252.800000000,drone0/rgbd_camera/rgbd_camera,37.196907,8.895844,5.910761,-0.023529249,-0.047615096,0.891554852,-0.449787865
rgbd_camera_rgb_0000000253_800000000.jpg,253.800000000,drone0/rgbd_camera/rgbd_camera,37.095411,8.255985,5.885523,-0.036574135,0.044637525,0.890840744,-0.450635766
rgbd_camera_rgb_0000000254_800000000.jpg,254.800000000,drone0/rgbd_camera/rgbd_camera,36.103051,8.188026,5.871556,-0.045764912,0.022961028,0.890123151,-0.452834562
rgbd_camera_rgb_0000000255_800000000.jpg,255.800000000,drone0/rgbd_camera/rgbd_camera,34.618042,8.178504,5.800971,0.053450324,-0.026685588,0.889059901,-0.453876013
rgbd_camera_rgb_0000000256_800000000.jpg,256.800000000,drone0/rgbd_camera/rgbd_camera,33.968772,8.166446,4.289201,0.031597020,-0.019926494,0.889606905,-0.455196790
rgbd_camera_rgb_0000000257_800000000.jpg,257.800000000,drone0/rgbd_camera/rgbd_camera,33.913862,8.136270,1.438007,-0.009261883,-0.000574028,0.889970907,-0.455922880
rgbd_camera_rgb_0000000258_800000000.jpg,258.800000000,drone0/rgbd_camera/rgbd_camera,33.519026,8.102376,0.178622,-0.042242187,0.019303622,0.888614480,-0.456297353
rgbd_camera_rgb_0000000259_800000000.jpg,259.800000000,drone0/rgbd_camera/rgbd_camera,32.749093,8.097726,0.147800,0.016121260,-0.004562596,0.890231485,-0.455200166
rgbd_camera_rgb_0000000261_000000000.jpg,261.000000000,drone0/rgbd_camera/rgbd_camera,32.442872,8.103168,0.175197,0.036966151,-0.022494982,0.888894108,-0.456064409
rgbd_camera_rgb_0000000262_000000000.jpg,262.000000000,drone0/rgbd_camera/rgbd_camera,32.185015,8.057033,1.341573,-0.048127767,0.024775149,0.887780376,-0.457073205
rgbd_camera_rgb_0000000263_000000000.jpg,263.000000000,drone0/rgbd_camera/rgbd_camera,31.344308,8.038772,1.412803,-0.047553521,0.021082215,0.887335314,-0.458181452
rgbd_camera_rgb_0000000264_000000000.jpg,264.000000000,drone0/rgbd_camera/rgbd_camera,29.662876,8.004797,1.428134,-0.044060191,0.024418114,0.887079701,-0.458859520
rgbd_camera_rgb_0000000265_000000000.jpg,265.000000000,drone0/rgbd_camera/rgbd_camera,27.692679,7.976793,1.458468,0.043881986,-0.026650702,0.886438645,-0.459989827
rgbd_camera_rgb_0000000266_000000000.jpg,266.000000000,drone0/rgbd_camera/rgbd_camera,26.771219,7.933593,1.450021,0.039421257,-0.019428772,0.886200032,-0.461213606
rgbd_camera_rgb_0000000267_000000000.jpg,267.000000000,drone0/rgbd_camera/rgbd_camera,26.647998,7.898309,1.438930,0.003126612,-0.000747849,0.886946885,-0.461860247
rgbd_camera_rgb_0000000269_000000000.jpg,269.000000000,drone0/rgbd_camera/rgbd_camera,26.636599,7.881197,1.438531,-0.001821133,0.000920744,0.887040407,-0.461687287
rgbd_camera_rgb_0000000270_000000000.jpg,270.000000000,drone0/rgbd_camera/rgbd_camera,26.594863,7.833747,1.440812,-0.001148019,0.000446468,0.887010885,-0.461746870
rgbd_camera_rgb_0000000271_000000000.jpg,271.000000000,drone0/rgbd_camera/rgbd_camera,26.576231,7.811974,1.444898,-0.001073996,-0.000487195,0.886649857,-0.462439878
